"Source","Target"
"DC0001","DC0068"
"DC0001","DC0095"
"DC0001","DC0148"
"DC0001","DC0198"
"DC0001","DC0301"
"DC0001","DC0311"
"DC0001","DC0395"
"DC0001","DC0468"
"DC0001","DC0471"
"DC0001","DC0483"
"DC0001","DC0510"
"DC0001","DC0548"
"DC0001","DC0677"
"DC0001","DC0707"
"DC0001","DC0863"
"DC0001","DC1064"
"DC0001","DC1116"
"DC0001","DC1169"
"DC0001","DC1182"
"DC0001","DC1189"
"DC0001","DC1198"
"DC0001","DC1208"
"DC0001","DC1248"
"DC0001","DC1317"
"DC0001","DC1509"
"DC0001","DC1661"
"DC0001","DC1663"
"DC0001","DC1687"
"DC0001","DC1725"
"DC0001","DC1810"
"DC0001","DC2162"
"DC0001","DC2079"
"DC0001","DC2320"
"DC0001","DC0941"
"DC0001","DC1879"
"DC0001","DC2304"
"DC0001","DC1909"
"DC0001","DC2030"
"DC0001","DC2088"
"DC0001","DC2215"
"DC0001","DC1946"
"DC0001","DC2288"
"DC0002","DC0085"
"DC0003","DC0200"
"DC0003","DC1645"
"DC0003","DC1800"
"DC0004","DC1194"
"DC0004","DC1934"
"DC0004","DC2350"
"DC0005","DC0935"
"DC0005","DC2128"
"DC0006","DC0035"
"DC0006","DC0130"
"DC0006","DC0741"
"DC0006","DC1893"
"DC0007","DC1856"
"DC0007","DC1937"
"DC0008","DC2234"
"DC0008","DC1933"
"DC0009","DC0377"
"DC0009","DC0519"
"DC0010","DC0503"
"DC0010","DC2104"
"DC0011","DC1528"
"DC0012","DC1876"
"DC0012","DC2023"
"DC0013","DC0374"
"DC0013","DC0897"
"DC0013","DC1081"
"DC0014","DC0354"
"DC0014","DC1620"
"DC0015","DC0830"
"DC0016","DC1348"
"DC0016","DC2014"
"DC0016","DC2302"
"DC0017","DC0796"
"DC0017","DC1606"
"DC0017","DC1861"
"DC0017","DC0285"
"DC0018","DC0728"
"DC0018","DC1999"
"DC0019","DC1417"
"DC0019","DC2384"
"DC0020","DC0024"
"DC0020","DC0564"
"DC0020","DC1524"
"DC0021","DC0500"
"DC0022","DC0148"
"DC0022","DC1654"
"DC0023","DC0370"
"DC0023","DC1275"
"DC0024","DC1455"
"DC0024","DC1530"
"DC0025","DC1296"
"DC0025","DC1809"
"DC0025","DC2285"
"DC0026","DC0463"
"DC0026","DC0880"
"DC0027","DC0376"
"DC0027","DC2251"
"DC0027","DC2089"
"DC0028","DC2090"
"DC0029","DC0229"
"DC0029","DC0966"
"DC0030","DC1530"
"DC0030","DC1538"
"DC0030","DC1651"
"DC0031","DC2009"
"DC0032","DC2398"
"DC0032","DC2021"
"DC0033","DC0099"
"DC0033","DC1594"
"DC0034","DC1634"
"DC0036","DC0687"
"DC0036","DC0962"
"DC0036","DC2337"
"DC0037","DC0219"
"DC0037","DC0364"
"DC0038","DC0980"
"DC0038","DC1449"
"DC0038","DC1572"
"DC0038","DC2013"
"DC0039","DC1857"
"DC0040","DC2106"
"DC0041","DC0065"
"DC0041","DC1865"
"DC0042","DC0230"
"DC0042","DC1370"
"DC0042","DC1453"
"DC0042","DC1473"
"DC0042","DC2505"
"DC0043","DC0774"
"DC0043","DC1619"
"DC0044","DC0251"
"DC0044","DC2316"
"DC0045","DC0452"
"DC0045","DC1874"
"DC0046","DC1587"
"DC0046","DC1681"
"DC0046","DC2392"
"DC0046","DC1994"
"DC0047","DC0530"
"DC0048","DC0140"
"DC0048","DC2241"
"DC0048","DC1378"
"DC0049","DC0548"
"DC0049","DC1427"
"DC0049","DC1793"
"DC0050","DC1990"
"DC0050","DC2394"
"DC0051","DC1996"
"DC0051","DC2420"
"DC0052","DC0093"
"DC0052","DC0405"
"DC0052","DC2298"
"DC0053","DC0077"
"DC0053","DC0835"
"DC0053","DC1566"
"DC0054","DC2145"
"DC0055","DC0297"
"DC0055","DC0743"
"DC0056","DC1688"
"DC0056","DC2198"
"DC0057","DC0124"
"DC0057","DC0348"
"DC0058","DC1088"
"DC0060","DC1334"
"DC0061","DC0112"
"DC0061","DC0173"
"DC0061","DC1041"
"DC0062","DC0366"
"DC0062","DC0568"
"DC0062","DC1313"
"DC0063","DC1800"
"DC0063","DC2333"
"DC0064","DC1330"
"DC0064","DC1539"
"DC0065","DC0103"
"DC0067","DC0717"
"DC0067","DC0890"
"DC0068","DC0279"
"DC0069","DC1827"
"DC0070","DC0182"
"DC0070","DC0611"
"DC0070","DC0853"
"DC0070","DC1905"
"DC0071","DC2376"
"DC0071","DC1962"
"DC0072","DC1701"
"DC0073","DC0115"
"DC0073","DC0274"
"DC0073","DC0566"
"DC0073","DC2295"
"DC0074","DC0535"
"DC0074","DC2454"
"DC0075","DC1125"
"DC0075","DC1482"
"DC0075","DC1847"
"DC0075","DC1386"
"DC0076","DC1493"
"DC0076","DC1956"
"DC0077","DC1129"
"DC0078","DC0128"
"DC0078","DC1785"
"DC0079","DC0303"
"DC0079","DC2105"
"DC0080","DC0129"
"DC0080","DC0416"
"DC0081","DC1161"
"DC0082","DC0407"
"DC0083","DC0094"
"DC0083","DC0206"
"DC0083","DC0889"
"DC0083","DC1064"
"DC0084","DC0653"
"DC0084","DC1882"
"DC0085","DC0890"
"DC0085","DC1474"
"DC0086","DC0668"
"DC0086","DC2083"
"DC0087","DC1529"
"DC0087","DC1667"
"DC0088","DC0439"
"DC0088","DC0690"
"DC0088","DC2370"
"DC0089","DC0596"
"DC0089","DC1057"
"DC0090","DC0898"
"DC0091","DC0685"
"DC0091","DC2347"
"DC0091","DC1935"
"DC0092","DC0388"
"DC0092","DC1164"
"DC0092","DC1168"
"DC0093","DC0659"
"DC0094","DC0573"
"DC0096","DC2327"
"DC0097","DC1450"
"DC0097","DC1891"
"DC0098","DC1455"
"DC0098","DC1786"
"DC0098","DC0601"
"DC0099","DC2022"
"DC0100","DC2428"
"DC0101","DC1894"
"DC0102","DC1711"
"DC0102","DC2331"
"DC0102","DC2457"
"DC0102","DC2394"
"DC0103","DC1977"
"DC0104","DC2438"
"DC0104","DC2154"
"DC0105","DC1503"
"DC0106","DC2195"
"DC0106","DC2099"
"DC0106","DC2434"
"DC0107","DC0121"
"DC0107","DC1062"
"DC0107","DC2072"
"DC0108","DC0142"
"DC0108","DC1065"
"DC0109","DC1326"
"DC0109","DC2413"
"DC0110","DC0382"
"DC0110","DC2483"
"DC0111","DC1404"
"DC0112","DC0430"
"DC0113","DC0230"
"DC0113","DC0517"
"DC0113","DC0632"
"DC0113","DC1129"
"DC0114","DC0703"
"DC0115","DC0868"
"DC0115","DC2412"
"DC0116","DC0833"
"DC0116","DC0326"
"DC0117","DC0595"
"DC0117","DC1005"
"DC0117","DC1434"
"DC0117","DC2102"
"DC0118","DC0959"
"DC0118","DC1530"
"DC0118","DC1842"
"DC0119","DC2436"
"DC0120","DC0360"
"DC0120","DC1246"
"DC0120","DC0560"
"DC0121","DC1470"
"DC0122","DC0330"
"DC0122","DC0821"
"DC0122","DC0908"
"DC0122","DC1426"
"DC0123","DC0669"
"DC0123","DC0702"
"DC0123","DC1738"
"DC0123","DC2221"
"DC0125","DC0805"
"DC0125","DC1688"
"DC0125","DC1990"
"DC0126","DC0144"
"DC0126","DC1568"
"DC0127","DC1232"
"DC0127","DC1940"
"DC0129","DC0719"
"DC0130","DC1111"
"DC0131","DC1628"
"DC0131","DC2025"
"DC0132","DC0608"
"DC0133","DC1780"
"DC0133","DC2246"
"DC0134","DC1112"
"DC0134","DC2248"
"DC0135","DC1816"
"DC0135","DC1960"
"DC0136","DC0511"
"DC0136","DC1037"
"DC0136","DC1049"
"DC0137","DC0790"
"DC0137","DC1389"
"DC0138","DC1454"
"DC0139","DC2318"
"DC0139","DC2126"
"DC0139","DC2293"
"DC0140","DC1807"
"DC0141","DC0476"
"DC0141","DC0801"
"DC0142","DC1410"
"DC0143","DC0452"
"DC0143","DC1562"
"DC0143","DC1862"
"DC0144","DC2191"
"DC0145","DC1948"
"DC0146","DC1624"
"DC0146","DC2256"
"DC0147","DC0226"
"DC0148","DC0794"
"DC0149","DC2049"
"DC0150","DC1620"
"DC0150","DC2091"
"DC0150","DC2454"
"DC0151","DC1334"
"DC0151","DC1509"
"DC0151","DC1546"
"DC0151","DC2256"
"DC0152","DC1551"
"DC0153","DC1076"
"DC0153","DC1467"
"DC0154","DC1710"
"DC0154","DC2176"
"DC0155","DC2181"
"DC0156","DC0494"
"DC0157","DC0287"
"DC0158","DC2129"
"DC0159","DC0558"
"DC0159","DC1039"
"DC0160","DC2319"
"DC0160","DC2069"
"DC0162","DC0244"
"DC0162","DC0302"
"DC0162","DC2339"
"DC0163","DC1118"
"DC0163","DC1250"
"DC0164","DC0950"
"DC0165","DC2027"
"DC0166","DC0194"
"DC0166","DC0574"
"DC0167","DC1034"
"DC0167","DC1487"
"DC0167","DC1518"
"DC0167","DC2062"
"DC0168","DC0412"
"DC0168","DC0730"
"DC0169","DC1010"
"DC0170","DC2443"
"DC0171","DC0471"
"DC0171","DC1059"
"DC0171","DC1554"
"DC0172","DC0209"
"DC0172","DC1896"
"DC0172","DC1981"
"DC0173","DC1640"
"DC0173","DC2143"
"DC0174","DC0180"
"DC0174","DC0423"
"DC0175","DC0586"
"DC0175","DC0761"
"DC0176","DC0401"
"DC0176","DC0983"
"DC0176","DC1125"
"DC0177","DC0253"
"DC0177","DC1917"
"DC0178","DC0225"
"DC0178","DC1697"
"DC0179","DC1161"
"DC0179","DC1808"
"DC0180","DC0930"
"DC0181","DC0463"
"DC0181","DC0912"
"DC0182","DC0259"
"DC0182","DC0508"
"DC0183","DC0999"
"DC0183","DC1103"
"DC0183","DC1673"
"DC0183","DC1675"
"DC0184","DC2401"
"DC0184","DC1969"
"DC0185","DC0917"
"DC0185","DC2308"
"DC0185","DC2197"
"DC0185","DC2195"
"DC0186","DC0513"
"DC0186","DC1280"
"DC0187","DC1371"
"DC0187","DC2326"
"DC0187","DC1944"
"DC0188","DC0287"
"DC0188","DC0709"
"DC0189","DC0237"
"DC0189","DC0784"
"DC0189","DC0817"
"DC0190","DC2121"
"DC0190","DC2205"
"DC0191","DC1614"
"DC0192","DC2096"
"DC0193","DC0627"
"DC0193","DC1700"
"DC0194","DC0852"
"DC0194","DC1224"
"DC0195","DC0876"
"DC0195","DC1099"
"DC0195","DC1469"
"DC0195","DC2210"
"DC0196","DC0277"
"DC0196","DC1359"
"DC0197","DC1234"
"DC0197","DC1901"
"DC0198","DC0271"
"DC0198","DC1714"
"DC0198","DC1794"
"DC0199","DC1111"
"DC0200","DC1349"
"DC0201","DC1875"
"DC0201","DC1472"
"DC0202","DC0616"
"DC0203","DC1469"
"DC0204","DC0225"
"DC0204","DC2485"
"DC0205","DC0995"
"DC0205","DC1353"
"DC0206","DC1143"
"DC0206","DC1784"
"DC0207","DC0881"
"DC0208","DC1228"
"DC0209","DC1947"
"DC0210","DC0537"
"DC0211","DC0234"
"DC0211","DC0487"
"DC0211","DC0977"
"DC0212","DC0274"
"DC0212","DC1101"
"DC0213","DC0388"
"DC0214","DC1206"
"DC0215","DC0872"
"DC0216","DC0899"
"DC0216","DC2336"
"DC0217","DC1987"
"DC0218","DC1830"
"DC0218","DC2068"
"DC0220","DC1701"
"DC0221","DC0782"
"DC0221","DC0903"
"DC0221","DC1405"
"DC0222","DC1924"
"DC0223","DC1155"
"DC0223","DC1515"
"DC0224","DC0456"
"DC0226","DC2308"
"DC0227","DC1814"
"DC0228","DC1042"
"DC0228","DC0352"
"DC0228","DC1888"
"DC0229","DC1523"
"DC0229","DC1936"
"DC0230","DC1525"
"DC0231","DC1623"
"DC0232","DC2095"
"DC0233","DC2482"
"DC0234","DC0394"
"DC0236","DC0437"
"DC0236","DC0864"
"DC0237","DC2227"
"DC0237","DC2294"
"DC0238","DC1297"
"DC0238","DC1687"
"DC0239","DC0059"
"DC0240","DC0794"
"DC0241","DC0653"
"DC0241","DC1028"
"DC0241","DC1222"
"DC0241","DC2044"
"DC0242","DC0372"
"DC0242","DC1442"
"DC0242","DC1454"
"DC0243","DC0480"
"DC0244","DC1591"
"DC0245","DC1552"
"DC0245","DC1992"
"DC0246","DC2458"
"DC0246","DC2154"
"DC0247","DC0960"
"DC0247","DC1871"
"DC0248","DC0550"
"DC0248","DC0707"
"DC0249","DC1071"
"DC0249","DC1679"
"DC0250","DC0420"
"DC0251","DC0455"
"DC0251","DC0996"
"DC0252","DC2180"
"DC0253","DC0795"
"DC0254","DC1252"
"DC0254","DC1686"
"DC0255","DC0262"
"DC0255","DC1069"
"DC0256","DC0628"
"DC0256","DC2225"
"DC0257","DC0406"
"DC0257","DC2216"
"DC0258","DC0979"
"DC0259","DC0675"
"DC0259","DC1363"
"DC0260","DC0576"
"DC0261","DC0499"
"DC0263","DC0434"
"DC0263","DC1380"
"DC0264","DC1343"
"DC0264","DC0415"
"DC0264","DC2189"
"DC0265","DC1819"
"DC0266","DC0770"
"DC0266","DC1503"
"DC0267","DC0754"
"DC0268","DC0536"
"DC0268","DC1252"
"DC0268","DC1837"
"DC0268","DC2311"
"DC0268","DC1987"
"DC0268","DC1918"
"DC0269","DC1541"
"DC0269","DC2426"
"DC0270","DC1494"
"DC0271","DC0284"
"DC0271","DC0066"
"DC0272","DC1002"
"DC0272","DC1851"
"DC0273","DC0537"
"DC0273","DC1736"
"DC0274","DC0719"
"DC0274","DC1282"
"DC0275","DC2286"
"DC0275","DC2018"
"DC0276","DC0355"
"DC0276","DC1252"
"DC0277","DC1238"
"DC0277","DC1857"
"DC0278","DC1524"
"DC0279","DC2007"
"DC0281","DC2199"
"DC0283","DC0379"
"DC0283","DC2139"
"DC0284","DC1193"
"DC0284","DC1738"
"DC0286","DC0463"
"DC0286","DC2341"
"DC0287","DC0782"
"DC0288","DC0412"
"DC0288","DC0680"
"DC0289","DC1102"
"DC0289","DC2210"
"DC0290","DC1144"
"DC0291","DC1080"
"DC0291","DC1128"
"DC0292","DC1724"
"DC0292","DC2372"
"DC0292","DC1474"
"DC0292","DC2342"
"DC0293","DC0669"
"DC0293","DC0749"
"DC0293","DC1485"
"DC0293","DC2023"
"DC0295","DC1820"
"DC0295","DC2409"
"DC0296","DC2446"
"DC0296","DC1958"
"DC0297","DC1526"
"DC0297","DC2229"
"DC0298","DC0353"
"DC0298","DC0933"
"DC0298","DC0235"
"DC0299","DC0674"
"DC0299","DC1891"
"DC0300","DC0641"
"DC0300","DC1570"
"DC0301","DC0787"
"DC0301","DC1477"
"DC0301","DC1382"
"DC0302","DC1414"
"DC0303","DC1961"
"DC0304","DC0697"
"DC0305","DC1593"
"DC0305","DC2453"
"DC0306","DC1842"
"DC0307","DC1423"
"DC0307","DC1511"
"DC0307","DC2061"
"DC0309","DC0444"
"DC0309","DC0978"
"DC0310","DC0365"
"DC0311","DC0837"
"DC0311","DC0280"
"DC0312","DC1535"
"DC0313","DC0886"
"DC0313","DC0327"
"DC0314","DC0338"
"DC0314","DC0604"
"DC0314","DC1805"
"DC0315","DC0386"
"DC0315","DC2208"
"DC0316","DC0828"
"DC0316","DC1105"
"DC0316","DC2327"
"DC0317","DC0910"
"DC0317","DC1262"
"DC0318","DC1547"
"DC0318","DC1919"
"DC0319","DC1735"
"DC0319","DC2093"
"DC0320","DC0766"
"DC0320","DC1660"
"DC0321","DC0880"
"DC0321","DC1502"
"DC0322","DC0774"
"DC0322","DC0883"
"DC0322","DC1732"
"DC0323","DC0390"
"DC0323","DC1842"
"DC0328","DC0692"
"DC0328","DC1226"
"DC0329","DC0575"
"DC0330","DC2321"
"DC0331","DC1703"
"DC0332","DC1794"
"DC0332","DC1383"
"DC0333","DC1124"
"DC0333","DC1861"
"DC0334","DC1107"
"DC0334","DC2004"
"DC0335","DC1044"
"DC0335","DC1728"
"DC0336","DC2412"
"DC0336","DC2373"
"DC0337","DC1323"
"DC0337","DC1415"
"DC0337","DC2450"
"DC0338","DC0402"
"DC0338","DC0642"
"DC0338","DC0844"
"DC0338","DC2152"
"DC0339","DC1288"
"DC0339","DC1938"
"DC0340","DC2380"
"DC0341","DC1197"
"DC0341","DC1433"
"DC0342","DC0886"
"DC0342","DC0989"
"DC0342","DC1740"
"DC0343","DC0988"
"DC0343","DC1589"
"DC0343","DC1388"
"DC0343","DC2276"
"DC0344","DC1581"
"DC0345","DC0866"
"DC0345","DC0994"
"DC0345","DC1825"
"DC0346","DC1676"
"DC0346","DC1788"
"DC0347","DC1732"
"DC0348","DC1685"
"DC0349","DC2149"
"DC0350","DC1805"
"DC0351","DC1667"
"DC0353","DC1362"
"DC0354","DC0387"
"DC0354","DC1173"
"DC0354","DC1258"
"DC0354","DC2360"
"DC0355","DC2326"
"DC0356","DC1435"
"DC0356","DC2274"
"DC0357","DC0792"
"DC0358","DC0559"
"DC0358","DC0585"
"DC0358","DC2147"
"DC0359","DC2377"
"DC0360","DC1585"
"DC0361","DC0680"
"DC0361","DC1723"
"DC0362","DC1570"
"DC0362","DC1813"
"DC0362","DC1858"
"DC0362","DC2021"
"DC0363","DC0496"
"DC0363","DC0711"
"DC0363","DC2268"
"DC0363","DC1951"
"DC0364","DC2298"
"DC0365","DC1812"
"DC0366","DC1018"
"DC0367","DC1718"
"DC0367","DC1899"
"DC0368","DC0631"
"DC0368","DC1781"
"DC0368","DC2396"
"DC0369","DC1729"
"DC0369","DC2072"
"DC0369","DC1475"
"DC0370","DC0428"
"DC0370","DC0762"
"DC0370","DC0868"
"DC0371","DC0534"
"DC0371","DC0820"
"DC0371","DC2222"
"DC0373","DC0679"
"DC0373","DC1134"
"DC0374","DC0397"
"DC0375","DC2504"
"DC0376","DC1411"
"DC0378","DC2201"
"DC0378","DC2507"
"DC0379","DC0958"
"DC0380","DC0806"
"DC0381","DC1382"
"DC0381","DC1796"
"DC0382","DC0885"
"DC0382","DC1741"
"DC0383","DC0440"
"DC0383","DC1371"
"DC0383","DC1570"
"DC0384","DC2456"
"DC0385","DC0716"
"DC0385","DC1651"
"DC0386","DC1476"
"DC0387","DC1664"
"DC0388","DC2407"
"DC0389","DC0764"
"DC0389","DC1513"
"DC0390","DC2182"
"DC0391","DC0527"
"DC0391","DC2215"
"DC0391","DC2066"
"DC0392","DC0712"
"DC0392","DC2127"
"DC0393","DC1432"
"DC0395","DC0799"
"DC0395","DC2035"
"DC0396","DC1608"
"DC0397","DC0916"
"DC0398","DC0613"
"DC0398","DC0730"
"DC0398","DC2321"
"DC0400","DC1183"
"DC0402","DC0950"
"DC0403","DC0944"
"DC0403","DC1916"
"DC0404","DC1594"
"DC0406","DC1361"
"DC0407","DC1045"
"DC0407","DC2075"
"DC0407","DC2368"
"DC0408","DC1699"
"DC0408","DC1804"
"DC0408","DC2409"
"DC0409","DC1098"
"DC0410","DC2146"
"DC0411","DC1491"
"DC0411","DC1387"
"DC0412","DC1359"
"DC0412","DC1799"
"DC0416","DC2146"
"DC0417","DC2427"
"DC0418","DC0461"
"DC0418","DC1852"
"DC0419","DC0879"
"DC0419","DC1603"
"DC0419","DC1926"
"DC0420","DC0469"
"DC0420","DC2139"
"DC0421","DC0447"
"DC0422","DC2223"
"DC0423","DC0547"
"DC0423","DC1296"
"DC0424","DC0596"
"DC0424","DC1772"
"DC0425","DC1599"
"DC0426","DC1379"
"DC0427","DC0519"
"DC0427","DC2363"
"DC0428","DC0794"
"DC0428","DC1338"
"DC0429","DC1342"
"DC0430","DC2118"
"DC0431","DC1798"
"DC0431","DC2323"
"DC0432","DC0486"
"DC0432","DC1093"
"DC0433","DC1327"
"DC0433","DC2063"
"DC0434","DC1633"
"DC0435","DC2027"
"DC0436","DC0467"
"DC0437","DC2493"
"DC0438","DC0768"
"DC0438","DC2413"
"DC0438","DC2224"
"DC0439","DC0830"
"DC0439","DC1446"
"DC0439","DC1761"
"DC0439","DC2239"
"DC0440","DC0806"
"DC0440","DC1177"
"DC0441","DC2061"
"DC0441","DC2133"
"DC0442","DC1443"
"DC0443","DC0808"
"DC0443","DC1672"
"DC0443","DC2149"
"DC0445","DC1076"
"DC0445","DC1338"
"DC0445","DC1397"
"DC0445","DC1755"
"DC0446","DC0546"
"DC0447","DC1762"
"DC0448","DC0576"
"DC0448","DC0607"
"DC0449","DC1420"
"DC0450","DC0618"
"DC0450","DC2502"
"DC0451","DC0813"
"DC0452","DC1851"
"DC0453","DC2083"
"DC0453","DC2245"
"DC0454","DC0541"
"DC0454","DC1032"
"DC0455","DC1116"
"DC0455","DC1224"
"DC0456","DC0489"
"DC0457","DC0484"
"DC0457","DC2209"
"DC0458","DC0563"
"DC0458","DC2451"
"DC0459","DC0540"
"DC0459","DC1334"
"DC0460","DC2405"
"DC0461","DC2453"
"DC0462","DC1783"
"DC0464","DC0648"
"DC0464","DC1687"
"DC0465","DC0889"
"DC0465","DC2301"
"DC0466","DC1696"
"DC0468","DC0934"
"DC0469","DC1281"
"DC0470","DC0799"
"DC0470","DC1564"
"DC0472","DC1606"
"DC0473","DC0655"
"DC0473","DC0824"
"DC0474","DC1368"
"DC0475","DC1211"
"DC0477","DC1675"
"DC0477","DC1769"
"DC0478","DC1279"
"DC0479","DC1430"
"DC0480","DC0786"
"DC0480","DC2473"
"DC0480","DC2074"
"DC0481","DC2311"
"DC0481","DC2035"
"DC0482","DC0962"
"DC0482","DC1617"
"DC0483","DC0486"
"DC0484","DC0617"
"DC0485","DC2113"
"DC0486","DC1018"
"DC0487","DC0608"
"DC0488","DC1703"
"DC0489","DC0504"
"DC0489","DC2397"
"DC0490","DC0885"
"DC0491","DC2309"
"DC0492","DC1213"
"DC0492","DC1336"
"DC0492","DC1771"
"DC0493","DC1458"
"DC0495","DC1322"
"DC0496","DC1609"
"DC0497","DC0752"
"DC0497","DC0966"
"DC0497","DC0983"
"DC0498","DC1172"
"DC0498","DC2368"
"DC0499","DC0503"
"DC0500","DC1582"
"DC0501","DC0847"
"DC0502","DC0931"
"DC0502","DC1968"
"DC0503","DC2050"
"DC0503","DC2025"
"DC0504","DC1632"
"DC0504","DC2404"
"DC0505","DC0686"
"DC0505","DC1075"
"DC0506","DC1062"
"DC0506","DC2478"
"DC0506","DC2124"
"DC0507","DC1118"
"DC0507","DC1815"
"DC0507","DC0294"
"DC0507","DC0622"
"DC0509","DC0588"
"DC0510","DC1417"
"DC0510","DC1420"
"DC0512","DC1100"
"DC0513","DC0620"
"DC0513","DC0810"
"DC0513","DC1145"
"DC0513","DC1302"
"DC0513","DC1536"
"DC0514","DC0993"
"DC0514","DC1550"
"DC0514","DC1838"
"DC0514","DC2413"
"DC0514","DC1991"
"DC0515","DC0982"
"DC0515","DC2140"
"DC0516","DC0603"
"DC0516","DC0921"
"DC0517","DC1351"
"DC0518","DC0725"
"DC0518","DC1462"
"DC0520","DC0873"
"DC0520","DC2076"
"DC0521","DC1377"
"DC0521","DC1407"
"DC0522","DC1922"
"DC0523","DC0580"
"DC0524","DC1091"
"DC0524","DC1470"
"DC0525","DC1813"
"DC0525","DC1510"
"DC0526","DC1686"
"DC0527","DC2228"
"DC0527","DC2427"
"DC0529","DC0862"
"DC0529","DC1527"
"DC0530","DC0924"
"DC0530","DC1892"
"DC0531","DC1450"
"DC0531","DC1488"
"DC0531","DC2402"
"DC0532","DC2026"
"DC0533","DC0983"
"DC0533","DC2122"
"DC0533","DC1470"
"DC0533","DC2302"
"DC0534","DC2378"
"DC0535","DC1249"
"DC0536","DC1252"
"DC0537","DC0742"
"DC0537","DC2141"
"DC0538","DC1792"
"DC0539","DC2300"
"DC0539","DC1614"
"DC0541","DC1598"
"DC0542","DC0773"
"DC0542","DC1602"
"DC0543","DC1416"
"DC0544","DC1245"
"DC0544","DC2486"
"DC0545","DC0584"
"DC0545","DC1265"
"DC0546","DC1578"
"DC0546","DC1658"
"DC0547","DC0960"
"DC0548","DC0742"
"DC0549","DC1360"
"DC0549","DC2096"
"DC0549","DC1577"
"DC0551","DC0592"
"DC0551","DC1237"
"DC0551","DC1366"
"DC0552","DC1245"
"DC0554","DC1254"
"DC0554","DC1937"
"DC0555","DC0615"
"DC0556","DC0676"
"DC0556","DC2343"
"DC0557","DC0950"
"DC0559","DC2041"
"DC0561","DC1885"
"DC0561","DC2360"
"DC0562","DC0856"
"DC0562","DC1564"
"DC0563","DC0857"
"DC0564","DC1043"
"DC0565","DC1639"
"DC0566","DC1788"
"DC0566","DC2318"
"DC0566","DC2108"
"DC0566","DC2312"
"DC0567","DC1946"
"DC0568","DC1426"
"DC0568","DC2211"
"DC0569","DC0650"
"DC0570","DC0911"
"DC0570","DC2068"
"DC0571","DC0638"
"DC0571","DC1542"
"DC0572","DC0820"
"DC0572","DC1693"
"DC0572","DC2032"
"DC0573","DC2056"
"DC0574","DC0948"
"DC0575","DC2474"
"DC0577","DC1903"
"DC0578","DC0644"
"DC0578","DC0744"
"DC0579","DC1673"
"DC0581","DC0683"
"DC0582","DC0834"
"DC0582","DC2228"
"DC0582","DC1214"
"DC0583","DC1350"
"DC0583","DC2329"
"DC0584","DC1898"
"DC0585","DC1050"
"DC0585","DC2036"
"DC0586","DC2433"
"DC0587","DC0819"
"DC0587","DC1684"
"DC0588","DC1433"
"DC0588","DC1806"
"DC0589","DC2337"
"DC0589","DC2003"
"DC0590","DC1819"
"DC0591","DC1021"
"DC0591","DC1220"
"DC0592","DC1571"
"DC0593","DC1543"
"DC0593","DC2381"
"DC0594","DC1369"
"DC0595","DC1316"
"DC0596","DC0944"
"DC0596","DC1690"
"DC0597","DC1105"
"DC0597","DC1175"
"DC0598","DC1071"
"DC0599","DC1038"
"DC0599","DC1184"
"DC0600","DC0788"
"DC0600","DC0979"
"DC0602","DC1085"
"DC0602","DC1787"
"DC0602","DC2038"
"DC0604","DC0614"
"DC0604","DC1831"
"DC0604","DC0324"
"DC0605","DC0957"
"DC0606","DC0656"
"DC0606","DC1943"
"DC0608","DC2421"
"DC0609","DC1085"
"DC0609","DC2026"
"DC0610","DC1512"
"DC0610","DC1995"
"DC0611","DC0294"
"DC0612","DC0665"
"DC0612","DC2459"
"DC0613","DC1441"
"DC0615","DC0700"
"DC0615","DC0325"
"DC0616","DC1335"
"DC0617","DC2396"
"DC0618","DC2335"
"DC0619","DC1777"
"DC0619","DC1837"
"DC0620","DC1025"
"DC0620","DC2239"
"DC0621","DC1152"
"DC0623","DC1748"
"DC0624","DC1838"
"DC0624","DC1975"
"DC0624","DC2449"
"DC0625","DC1720"
"DC0625","DC2185"
"DC0626","DC1901"
"DC0627","DC0752"
"DC0628","DC0643"
"DC0628","DC0662"
"DC0629","DC2403"
"DC0630","DC2468"
"DC0631","DC2218"
"DC0632","DC1696"
"DC0633","DC1218"
"DC0633","DC2459"
"DC0634","DC2010"
"DC0634","DC1383"
"DC0635","DC2432"
"DC0636","DC1008"
"DC0636","DC2079"
"DC0637","DC1427"
"DC0637","DC1957"
"DC0638","DC1509"
"DC0638","DC2399"
"DC0640","DC1036"
"DC0640","DC1490"
"DC0641","DC1808"
"DC0641","DC1935"
"DC0642","DC0882"
"DC0643","DC0694"
"DC0644","DC1372"
"DC0645","DC1102"
"DC0645","DC2015"
"DC0645","DC2232"
"DC0646","DC1963"
"DC0647","DC0666"
"DC0647","DC1413"
"DC0648","DC0850"
"DC0649","DC0847"
"DC0650","DC1504"
"DC0651","DC0711"
"DC0651","DC1739"
"DC0651","DC2449"
"DC0652","DC1668"
"DC0652","DC1389"
"DC0654","DC2267"
"DC0656","DC0702"
"DC0656","DC1789"
"DC0656","DC1809"
"DC0656","DC2320"
"DC0657","DC0747"
"DC0658","DC2044"
"DC0660","DC1630"
"DC0660","DC2492"
"DC0661","DC0728"
"DC0662","DC1025"
"DC0663","DC2425"
"DC0664","DC1874"
"DC0665","DC1942"
"DC0667","DC2344"
"DC0668","DC1067"
"DC0668","DC1156"
"DC0669","DC1713"
"DC0670","DC0987"
"DC0671","DC1104"
"DC0672","DC0739"
"DC0673","DC2490"
"DC0674","DC1069"
"DC0674","DC1362"
"DC0676","DC1205"
"DC0677","DC1292"
"DC0677","DC1627"
"DC0678","DC2053"
"DC0679","DC1917"
"DC0680","DC1516"
"DC0681","DC0874"
"DC0681","DC1548"
"DC0682","DC1117"
"DC0684","DC1031"
"DC0685","DC1212"
"DC0687","DC0818"
"DC0688","DC1939"
"DC0689","DC1158"
"DC0690","DC1120"
"DC0690","DC1660"
"DC0691","DC1488"
"DC0691","DC2298"
"DC0692","DC2449"
"DC0693","DC1477"
"DC0693","DC1697"
"DC0694","DC0829"
"DC0695","DC1591"
"DC0695","DC2383"
"DC0695","DC1358"
"DC0696","DC2374"
"DC0698","DC1756"
"DC0698","DC1409"
"DC0699","DC0943"
"DC0699","DC1258"
"DC0700","DC1578"
"DC0700","DC2307"
"DC0701","DC0730"
"DC0701","DC1182"
"DC0701","DC1585"
"DC0703","DC1601"
"DC0704","DC2351"
"DC0704","DC2475"
"DC0705","DC0783"
"DC0705","DC0985"
"DC0706","DC1001"
"DC0706","DC2265"
"DC0708","DC2501"
"DC0709","DC1842"
"DC0709","DC1963"
"DC0710","DC0814"
"DC0710","DC1369"
"DC0712","DC1239"
"DC0712","DC1616"
"DC0712","DC2036"
"DC0713","DC1110"
"DC0714","DC0724"
"DC0714","DC1495"
"DC0715","DC0913"
"DC0715","DC1166"
"DC0715","DC1780"
"DC0716","DC1038"
"DC0716","DC1612"
"DC0717","DC1151"
"DC0718","DC1052"
"DC0719","DC0802"
"DC0719","DC1527"
"DC0719","DC1795"
"DC0720","DC0807"
"DC0720","DC1653"
"DC0721","DC1864"
"DC0721","DC2256"
"DC0722","DC2467"
"DC0722","DC1984"
"DC0723","DC0847"
"DC0724","DC2118"
"DC0726","DC1231"
"DC0726","DC0308"
"DC0728","DC2117"
"DC0729","DC2072"
"DC0731","DC1521"
"DC0731","DC1580"
"DC0732","DC1492"
"DC0732","DC2385"
"DC0733","DC1454"
"DC0733","DC1587"
"DC0733","DC2187"
"DC0734","DC0834"
"DC0735","DC0751"
"DC0735","DC1018"
"DC0735","DC1522"
"DC0736","DC1376"
"DC0736","DC1757"
"DC0737","DC1079"
"DC0738","DC0964"
"DC0738","DC1460"
"DC0739","DC2121"
"DC0740","DC0814"
"DC0740","DC1656"
"DC0740","DC2291"
"DC0742","DC1870"
"DC0742","DC2120"
"DC0743","DC1027"
"DC0743","DC1818"
"DC0743","DC2501"
"DC0744","DC1794"
"DC0744","DC1991"
"DC0745","DC2494"
"DC0746","DC0969"
"DC0746","DC2508"
"DC0748","DC1624"
"DC0748","DC1915"
"DC0749","DC1364"
"DC0750","DC1793"
"DC0750","DC1950"
"DC0751","DC1094"
"DC0751","DC1375"
"DC0753","DC2161"
"DC0753","DC1892"
"DC0754","DC2511"
"DC0755","DC1214"
"DC0756","DC0771"
"DC0757","DC0851"
"DC0757","DC1418"
"DC0757","DC2242"
"DC0758","DC1685"
"DC0758","DC1847"
"DC0758","DC2079"
"DC0759","DC1831"
"DC0760","DC0867"
"DC0760","DC2297"
"DC0761","DC0879"
"DC0761","DC1026"
"DC0761","DC2016"
"DC0762","DC2165"
"DC0763","DC1178"
"DC0763","DC2499"
"DC0763","DC1976"
"DC0764","DC0912"
"DC0764","DC1929"
"DC0765","DC1451"
"DC0766","DC1544"
"DC0767","DC0862"
"DC0767","DC2340"
"DC0768","DC0942"
"DC0768","DC1683"
"DC0768","DC1941"
"DC0768","DC2457"
"DC0769","DC1745"
"DC0769","DC2081"
"DC0769","DC0415"
"DC0770","DC0952"
"DC0772","DC2455"
"DC0773","DC1321"
"DC0774","DC1878"
"DC0775","DC0776"
"DC0775","DC1533"
"DC0775","DC2065"
"DC0776","DC1906"
"DC0777","DC1416"
"DC0777","DC1721"
"DC0778","DC0825"
"DC0778","DC0940"
"DC0778","DC1626"
"DC0779","DC1168"
"DC0779","DC1466"
"DC0780","DC1671"
"DC0780","DC1804"
"DC0781","DC1335"
"DC0781","DC1431"
"DC0781","DC1794"
"DC0784","DC1575"
"DC0785","DC1841"
"DC0786","DC2280"
"DC0788","DC2224"
"DC0789","DC0858"
"DC0789","DC0952"
"DC0789","DC1380"
"DC0789","DC2298"
"DC0790","DC1014"
"DC0790","DC1636"
"DC0791","DC2046"
"DC0792","DC1497"
"DC0793","DC2320"
"DC0796","DC1365"
"DC0797","DC1856"
"DC0797","DC2247"
"DC0798","DC2484"
"DC0799","DC2358"
"DC0800","DC1178"
"DC0803","DC1376"
"DC0804","DC1674"
"DC0805","DC1066"
"DC0807","DC1010"
"DC0808","DC1600"
"DC0808","DC1724"
"DC0809","DC1274"
"DC0809","DC2439"
"DC0811","DC1945"
"DC0811","DC2288"
"DC0812","DC0976"
"DC0812","DC1260"
"DC0815","DC1849"
"DC0816","DC1223"
"DC0817","DC1802"
"DC0818","DC1666"
"DC0820","DC1982"
"DC0820","DC2232"
"DC0822","DC2458"
"DC0822","DC2143"
"DC0823","DC0908"
"DC0823","DC1015"
"DC0824","DC2069"
"DC0825","DC1554"
"DC0826","DC1448"
"DC0827","DC1007"
"DC0828","DC2448"
"DC0829","DC1329"
"DC0829","DC2019"
"DC0831","DC1233"
"DC0831","DC2384"
"DC0832","DC1542"
"DC0833","DC1140"
"DC0835","DC1764"
"DC0836","DC1742"
"DC0836","DC1860"
"DC0837","DC1774"
"DC0838","DC1078"
"DC0838","DC1965"
"DC0840","DC0872"
"DC0840","DC1040"
"DC0841","DC1095"
"DC0841","DC0161"
"DC0841","DC1474"
"DC0842","DC2233"
"DC0845","DC1270"
"DC0845","DC1374"
"DC0845","DC2473"
"DC0846","DC1725"
"DC0847","DC1321"
"DC0848","DC2314"
"DC0848","DC2064"
"DC0849","DC0976"
"DC0849","DC1246"
"DC0850","DC1751"
"DC0851","DC1635"
"DC0852","DC2503"
"DC0853","DC1055"
"DC0853","DC1660"
"DC0853","DC2411"
"DC0853","DC1884"
"DC0854","DC1059"
"DC0854","DC1212"
"DC0854","DC1350"
"DC0855","DC1227"
"DC0856","DC1177"
"DC0857","DC1577"
"DC0858","DC2014"
"DC0858","DC2008"
"DC0859","DC1222"
"DC0859","DC1278"
"DC0860","DC1551"
"DC0860","DC0326"
"DC0861","DC1584"
"DC0861","DC1877"
"DC0861","DC1355"
"DC0863","DC1228"
"DC0864","DC1597"
"DC0865","DC2123"
"DC0866","DC1987"
"DC0867","DC0910"
"DC0867","DC1948"
"DC0869","DC2367"
"DC0869","DC2489"
"DC0870","DC1060"
"DC0870","DC2137"
"DC0871","DC2440"
"DC0871","DC1954"
"DC0875","DC1194"
"DC0876","DC1319"
"DC0877","DC1386"
"DC0878","DC1512"
"DC0878","DC2188"
"DC0879","DC0997"
"DC0880","DC1384"
"DC0881","DC1669"
"DC0882","DC1112"
"DC0882","DC2441"
"DC0884","DC1080"
"DC0884","DC1464"
"DC0885","DC2442"
"DC0887","DC0931"
"DC0887","DC1730"
"DC0887","DC1816"
"DC0888","DC1061"
"DC0888","DC2240"
"DC0889","DC0907"
"DC0890","DC1570"
"DC0890","DC2071"
"DC0891","DC1717"
"DC0891","DC2222"
"DC0892","DC1439"
"DC0892","DC1969"
"DC0893","DC1040"
"DC0893","DC1586"
"DC0893","DC1759"
"DC0894","DC1133"
"DC0894","DC1555"
"DC0895","DC1090"
"DC0895","DC1153"
"DC0896","DC1518"
"DC0896","DC1564"
"DC0897","DC1117"
"DC0898","DC1681"
"DC0900","DC1146"
"DC0900","DC1149"
"DC0900","DC1812"
"DC0901","DC2121"
"DC0902","DC1700"
"DC0902","DC2490"
"DC0903","DC1692"
"DC0904","DC1000"
"DC0904","DC1046"
"DC0905","DC0907"
"DC0905","DC2329"
"DC0906","DC1643"
"DC0906","DC2225"
"DC0909","DC1146"
"DC0909","DC1528"
"DC0909","DC1556"
"DC0909","DC2283"
"DC0909","DC2045"
"DC0910","DC0929"
"DC0910","DC1247"
"DC0910","DC2434"
"DC0913","DC1769"
"DC0913","DC2038"
"DC0914","DC2151"
"DC0915","DC2033"
"DC0916","DC2158"
"DC0917","DC2482"
"DC0918","DC2483"
"DC0919","DC1047"
"DC0919","DC1507"
"DC0920","DC1654"
"DC0920","DC2225"
"DC0921","DC2338"
"DC0922","DC1694"
"DC0923","DC1505"
"DC0923","DC1632"
"DC0924","DC0988"
"DC0925","DC0553"
"DC0926","DC2292"
"DC0927","DC1038"
"DC0928","DC1408"
"DC0928","DC2025"
"DC0929","DC2235"
"DC0930","DC1041"
"DC0930","DC1749"
"DC0930","DC1814"
"DC0931","DC2115"
"DC0932","DC1824"
"DC0934","DC2100"
"DC0935","DC1717"
"DC0935","DC2109"
"DC0936","DC1503"
"DC0937","DC1546"
"DC0938","DC1301"
"DC0940","DC2243"
"DC0942","DC2318"
"DC0942","DC1893"
"DC0943","DC1620"
"DC0943","DC0528"
"DC0944","DC1666"
"DC0945","DC1070"
"DC0945","DC2287"
"DC0946","DC1074"
"DC0946","DC1925"
"DC0947","DC1186"
"DC0948","DC1256"
"DC0948","DC1648"
"DC0949","DC2229"
"DC0949","DC2139"
"DC0951","DC1206"
"DC0951","DC2355"
"DC0953","DC1463"
"DC0953","DC2054"
"DC0954","DC1149"
"DC0954","DC1713"
"DC0954","DC1740"
"DC0954","DC1883"
"DC0955","DC0974"
"DC0955","DC1068"
"DC0956","DC1156"
"DC0957","DC1887"
"DC0959","DC2250"
"DC0960","DC1423"
"DC0961","DC1497"
"DC0961","DC1978"
"DC0962","DC2380"
"DC0963","DC1202"
"DC0964","DC1631"
"DC0965","DC1208"
"DC0966","DC1790"
"DC0967","DC1815"
"DC0967","DC2498"
"DC0970","DC2061"
"DC0970","DC1627"
"DC0971","DC1243"
"DC0972","DC2308"
"DC0972","DC1839"
"DC0972","DC2259"
"DC0975","DC1099"
"DC0975","DC1806"
"DC0976","DC2017"
"DC0976","DC1657"
"DC0978","DC1013"
"DC0978","DC1378"
"DC0978","DC2191"
"DC0980","DC1130"
"DC0981","DC1021"
"DC0982","DC2327"
"DC0982","DC2428"
"DC0984","DC1662"
"DC0984","DC2379"
"DC0985","DC2387"
"DC0986","DC1073"
"DC0986","DC2246"
"DC0987","DC2178"
"DC0989","DC1061"
"DC0989","DC1622"
"DC0990","DC2480"
"DC0991","DC1465"
"DC0992","DC2007"
"DC0992","DC2508"
"DC0993","DC2170"
"DC0994","DC2078"
"DC0995","DC2391"
"DC0996","DC1903"
"DC0997","DC2486"
"DC0998","DC2104"
"DC0999","DC1494"
"DC0999","DC1618"
"DC1000","DC1424"
"DC1001","DC1423"
"DC1001","DC2012"
"DC1002","DC2236"
"DC1003","DC1018"
"DC1004","DC1250"
"DC1004","DC2087"
"DC1006","DC1156"
"DC1006","DC1217"
"DC1007","DC2291"
"DC1008","DC1136"
"DC1009","DC1682"
"DC1010","DC2272"
"DC1011","DC1567"
"DC1012","DC1881"
"DC1013","DC2189"
"DC1014","DC1077"
"DC1016","DC1081"
"DC1016","DC1277"
"DC1017","DC1146"
"DC1017","DC0528"
"DC1018","DC1720"
"DC1019","DC1119"
"DC1019","DC2371"
"DC1020","DC1812"
"DC1020","DC2074"
"DC1020","DC1637"
"DC1022","DC1835"
"DC1022","DC2072"
"DC1023","DC1900"
"DC1024","DC2462"
"DC1025","DC2103"
"DC1026","DC2052"
"DC1028","DC2167"
"DC1029","DC2000"
"DC1030","DC1603"
"DC1030","DC2248"
"DC1031","DC1290"
"DC1031","DC1486"
"DC1032","DC1790"
"DC1033","DC1854"
"DC1033","DC2071"
"DC1034","DC1390"
"DC1035","DC0235"
"DC1037","DC1348"
"DC1037","DC1672"
"DC1039","DC2042"
"DC1042","DC1430"
"DC1042","DC2317"
"DC1043","DC1673"
"DC1044","DC1927"
"DC1045","DC1917"
"DC1046","DC1373"
"DC1047","DC1546"
"DC1048","DC1691"
"DC1048","DC2491"
"DC1049","DC1103"
"DC1049","DC1818"
"DC1049","DC2013"
"DC1050","DC1190"
"DC1050","DC2260"
"DC1051","DC2250"
"DC1053","DC2499"
"DC1054","DC1677"
"DC1055","DC1994"
"DC1056","DC1150"
"DC1056","DC2418"
"DC1057","DC1160"
"DC1058","DC1629"
"DC1058","DC1895"
"DC1059","DC1242"
"DC1060","DC1462"
"DC1061","DC2084"
"DC1063","DC1275"
"DC1063","DC1679"
"DC1063","DC1848"
"DC1063","DC0235"
"DC1064","DC2426"
"DC1065","DC1649"
"DC1066","DC1697"
"DC1066","DC2430"
"DC1067","DC2223"
"DC1067","DC2125"
"DC1067","DC2124"
"DC1068","DC2038"
"DC1070","DC1179"
"DC1072","DC2253"
"DC1074","DC1491"
"DC1075","DC2130"
"DC1077","DC1418"
"DC1078","DC1728"
"DC1078","DC1770"
"DC1079","DC2449"
"DC1080","DC1333"
"DC1080","DC2237"
"DC1082","DC1819"
"DC1083","DC2138"
"DC1083","DC2448"
"DC1084","DC2261"
"DC1086","DC1819"
"DC1087","DC1122"
"DC1089","DC1159"
"DC1089","DC1449"
"DC1090","DC1966"
"DC1092","DC1305"
"DC1093","DC0325"
"DC1094","DC1604"
"DC1094","DC2045"
"DC1095","DC0843"
"DC1095","DC0941"
"DC1096","DC1536"
"DC1096","DC2083"
"DC1097","DC2452"
"DC1098","DC2211"
"DC1101","DC1902"
"DC1102","DC1723"
"DC1106","DC1842"
"DC1106","DC2279"
"DC1107","DC1228"
"DC1108","DC1357"
"DC1108","DC1461"
"DC1108","DC1533"
"DC1109","DC2277"
"DC1110","DC1203"
"DC1113","DC2333"
"DC1114","DC2488"
"DC1115","DC2414"
"DC1116","DC2404"
"DC1118","DC1782"
"DC1119","DC1300"
"DC1119","DC1538"
"DC1120","DC1612"
"DC1120","DC1665"
"DC1121","DC2035"
"DC1122","DC2506"
"DC1123","DC1836"
"DC1123","DC1655"
"DC1126","DC2002"
"DC1126","DC2452"
"DC1127","DC1832"
"DC1127","DC0282"
"DC1128","DC2176"
"DC1130","DC2482"
"DC1131","DC1201"
"DC1131","DC2226"
"DC1131","DC2384"
"DC1132","DC1149"
"DC1132","DC2284"
"DC1133","DC2313"
"DC1135","DC1487"
"DC1136","DC1736"
"DC1137","DC1730"
"DC1137","DC2255"
"DC1138","DC1236"
"DC1138","DC0235"
"DC1139","DC1431"
"DC1139","DC2097"
"DC1140","DC1359"
"DC1140","DC1670"
"DC1141","DC1228"
"DC1141","DC1258"
"DC1142","DC1646"
"DC1142","DC2421"
"DC1142","DC1881"
"DC1144","DC1330"
"DC1144","DC2365"
"DC1145","DC1279"
"DC1147","DC1576"
"DC1147","DC1657"
"DC1148","DC1484"
"DC1148","DC1634"
"DC1149","DC2419"
"DC1150","DC2504"
"DC1151","DC1447"
"DC1151","DC2312"
"DC1152","DC1215"
"DC1152","DC2068"
"DC1153","DC1983"
"DC1153","DC2378"
"DC1154","DC1763"
"DC1155","DC2217"
"DC1156","DC2228"
"DC1156","DC2170"
"DC1157","DC1213"
"DC1157","DC1724"
"DC1158","DC2403"
"DC1158","DC2052"
"DC1159","DC1939"
"DC1162","DC1917"
"DC1162","DC2430"
"DC1163","DC1556"
"DC1165","DC1581"
"DC1165","DC1925"
"DC1167","DC1528"
"DC1167","DC2376"
"DC1169","DC1655"
"DC1170","DC1699"
"DC1170","DC2247"
"DC1171","DC1924"
"DC1171","DC1896"
"DC1173","DC1193"
"DC1173","DC1414"
"DC1174","DC1707"
"DC1174","DC2390"
"DC1175","DC2190"
"DC1176","DC1227"
"DC1176","DC1669"
"DC1177","DC0282"
"DC1179","DC1825"
"DC1180","DC1868"
"DC1181","DC1569"
"DC1182","DC2439"
"DC1183","DC1858"
"DC1185","DC2109"
"DC1187","DC1877"
"DC1187","DC2466"
"DC1188","DC1607"
"DC1188","DC1871"
"DC1189","DC1370"
"DC1191","DC2382"
"DC1192","DC1244"
"DC1193","DC2495"
"DC1194","DC2057"
"DC1195","DC2091"
"DC1195","DC2350"
"DC1196","DC1537"
"DC1197","DC2417"
"DC1198","DC1360"
"DC1199","DC1458"
"DC1199","DC2310"
"DC1200","DC1284"
"DC1200","DC1575"
"DC1201","DC1522"
"DC1202","DC2213"
"DC1203","DC2037"
"DC1204","DC1284"
"DC1207","DC1531"
"DC1207","DC2072"
"DC1208","DC1407"
"DC1208","DC1801"
"DC1209","DC1748"
"DC1209","DC1887"
"DC1210","DC2024"
"DC1211","DC1969"
"DC1213","DC2287"
"DC1215","DC2389"
"DC1216","DC1842"
"DC1219","DC1918"
"DC1219","DC2374"
"DC1220","DC1227"
"DC1221","DC2316"
"DC1221","DC2250"
"DC1221","DC2264"
"DC1222","DC1795"
"DC1222","DC1901"
"DC1223","DC1778"
"DC1225","DC2148"
"DC1226","DC1484"
"DC1229","DC1286"
"DC1229","DC2353"
"DC1230","DC1347"
"DC1231","DC2228"
"DC1231","DC1627"
"DC1233","DC2492"
"DC1235","DC1553"
"DC1235","DC2511"
"DC1236","DC1689"
"DC1237","DC1994"
"DC1237","DC2485"
"DC1237","DC2173"
"DC1238","DC1248"
"DC1239","DC1847"
"DC1240","DC1510"
"DC1241","DC1753"
"DC1241","DC2423"
"DC1241","DC2390"
"DC1242","DC2058"
"DC1243","DC1408"
"DC1246","DC2218"
"DC1248","DC1604"
"DC1251","DC2483"
"DC1253","DC1367"
"DC1253","DC1605"
"DC1254","DC1489"
"DC1255","DC1336"
"DC1255","DC1756"
"DC1256","DC2289"
"DC1259","DC1645"
"DC1260","DC1393"
"DC1261","DC1529"
"DC1261","DC1543"
"DC1262","DC2069"
"DC1263","DC1712"
"DC1264","DC1273"
"DC1265","DC2033"
"DC1266","DC1268"
"DC1266","DC1396"
"DC1267","DC1588"
"DC1267","DC1676"
"DC1269","DC1525"
"DC1270","DC2478"
"DC1271","DC1813"
"DC1272","DC2442"
"DC1273","DC1307"
"DC1274","DC1848"
"DC1275","DC1499"
"DC1276","DC1923"
"DC1277","DC1904"
"DC1278","DC2502"
"DC1280","DC1489"
"DC1280","DC2429"
"DC1282","DC2015"
"DC1283","DC1770"
"DC1285","DC1428"
"DC1285","DC1465"
"DC1287","DC1540"
"DC1287","DC1341"
"DC1289","DC2357"
"DC1291","DC2025"
"DC1293","DC1317"
"DC1294","DC1346"
"DC1295","DC1317"
"DC1295","DC2380"
"DC1297","DC1405"
"DC1298","DC2335"
"DC1298","DC1705"
"DC1299","DC2497"
"DC1301","DC1920"
"DC1302","DC2122"
"DC1303","DC1564"
"DC1304","DC1829"
"DC1305","DC1891"
"DC1306","DC0324"
"DC1307","DC1312"
"DC1308","DC2431"
"DC1308","DC2183"
"DC1309","DC2031"
"DC1310","DC1631"
"DC1311","DC1481"
"DC1311","DC2158"
"DC1313","DC1979"
"DC1314","DC1399"
"DC1314","DC2213"
"DC1315","DC1729"
"DC1318","DC1320"
"DC1319","DC2301"
"DC1323","DC2479"
"DC1324","DC2495"
"DC1324","DC1972"
"DC1326","DC1509"
"DC1326","DC2147"
"DC1328","DC2179"
"DC1329","DC2059"
"DC1330","DC1638"
"DC1331","DC1517"
"DC1331","DC2023"
"DC1332","DC1854"
"DC1332","DC2006"
"DC1333","DC1638"
"DC1333","DC2172"
"DC1336","DC0161"
"DC1337","DC2074"
"DC1337","DC2437"
"DC1337","DC1625"
"DC1338","DC2416"
"DC1338","DC2029"
"DC1339","DC1398"
"DC1340","DC1560"
"DC1344","DC2116"
"DC1345","DC2484"
"DC1347","DC1438"
"DC1348","DC0235"
"DC1349","DC1731"
"DC1350","DC2135"
"DC1353","DC2273"
"DC1353","DC1938"
"DC1354","DC2362"
"DC1361","DC2460"
"DC1364","DC1722"
"DC1364","DC2199"
"DC1365","DC2445"
"DC1366","DC1623"
"DC1366","DC2101"
"DC1367","DC1725"
"DC1368","DC1549"
"DC1374","DC2505"
"DC1375","DC2224"
"DC1376","DC2269"
"DC1377","DC1674"
"DC1379","DC1451"
"DC1381","DC2481"
"DC1381","DC2005"
"DC1381","DC2382"
"DC1390","DC1799"
"DC1390","DC2411"
"DC1390","DC2078"
"DC1391","DC2342"
"DC1392","DC1495"
"DC1393","DC1644"
"DC1393","DC2509"
"DC1394","DC1918"
"DC1395","DC1569"
"DC1395","DC1613"
"DC1400","DC1609"
"DC1401","DC1566"
"DC1401","DC1341"
"DC1402","DC1768"
"DC1402","DC2366"
"DC1403","DC1933"
"DC1406","DC2216"
"DC1406","DC2441"
"DC1407","DC1872"
"DC1410","DC1575"
"DC1411","DC2449"
"DC1412","DC1986"
"DC1413","DC1950"
"DC1414","DC2419"
"DC1416","DC1826"
"DC1419","DC1601"
"DC1421","DC1436"
"DC1421","DC2220"
"DC1421","DC2004"
"DC1422","DC2226"
"DC1423","DC1710"
"DC1423","DC2111"
"DC1424","DC1588"
"DC1424","DC2244"
"DC1425","DC1593"
"DC1425","DC2432"
"DC1428","DC1869"
"DC1429","DC1659"
"DC1429","DC1884"
"DC1430","DC1959"
"DC1433","DC1967"
"DC1434","DC1544"
"DC1435","DC1503"
"DC1437","DC1388"
"DC1437","DC2373"
"DC1437","DC2368"
"DC1438","DC1689"
"DC1439","DC1473"
"DC1440","DC2129"
"DC1441","DC1579"
"DC1442","DC0414"
"DC1443","DC1385"
"DC1444","DC1673"
"DC1444","DC1719"
"DC1444","DC1886"
"DC1444","DC2368"
"DC1445","DC2296"
"DC1445","DC0939"
"DC1446","DC2271"
"DC1449","DC2175"
"DC1452","DC2417"
"DC1452","DC1363"
"DC1456","DC1811"
"DC1456","DC1356"
"DC1457","DC2294"
"DC1458","DC2140"
"DC1459","DC1897"
"DC1461","DC1514"
"DC1461","DC2394"
"DC1461","DC2164"
"DC1464","DC1840"
"DC1465","DC1620"
"DC1465","DC2306"
"DC1465","DC2234"
"DC1465","DC2073"
"DC1466","DC1895"
"DC1467","DC1738"
"DC1467","DC2106"
"DC1467","DC1978"
"DC1468","DC1747"
"DC1468","DC1829"
"DC1468","DC1836"
"DC1478","DC1890"
"DC1479","DC1850"
"DC1480","DC1890"
"DC1482","DC1495"
"DC1483","DC2088"
"DC1485","DC1583"
"DC1486","DC2368"
"DC1488","DC2192"
"DC1488","DC2256"
"DC1491","DC2348"
"DC1492","DC1804"
"DC1495","DC1654"
"DC1496","DC1847"
"DC1496","DC2350"
"DC1497","DC1552"
"DC1498","DC2449"
"DC1498","DC2143"
"DC1499","DC2181"
"DC1500","DC2233"
"DC1501","DC2260"
"DC1501","DC1898"
"DC1503","DC2055"
"DC1504","DC2431"
"DC1505","DC2277"
"DC1506","DC1695"
"DC1506","DC2208"
"DC1507","DC1553"
"DC1507","DC1779"
"DC1508","DC1725"
"DC1508","DC2153"
"DC1513","DC2032"
"DC1515","DC1544"
"DC1517","DC2387"
"DC1518","DC2370"
"DC1519","DC2244"
"DC1520","DC1822"
"DC1521","DC0639"
"DC1523","DC1574"
"DC1523","DC2212"
"DC1525","DC0601"
"DC1525","DC1974"
"DC1528","DC1813"
"DC1529","DC1363"
"DC1530","DC2507"
"DC1531","DC2339"
"DC1531","DC2399"
"DC1532","DC1598"
"DC1534","DC1889"
"DC1535","DC2510"
"DC1537","DC1838"
"DC1539","DC2383"
"DC1542","DC2178"
"DC1543","DC2197"
"DC1545","DC1325"
"DC1546","DC2135"
"DC1547","DC2089"
"DC1549","DC1600"
"DC1550","DC1953"
"DC1550","DC2510"
"DC1552","DC1596"
"DC1552","DC0560"
"DC1555","DC2296"
"DC1555","DC2179"
"DC1557","DC1558"
"DC1558","DC0727"
"DC1559","DC2179"
"DC1560","DC1613"
"DC1561","DC2282"
"DC1561","DC2503"
"DC1562","DC1682"
"DC1562","DC2500"
"DC1563","DC0839"
"DC1564","DC1865"
"DC1565","DC2406"
"DC1573","DC1580"
"DC1574","DC2422"
"DC1576","DC1599"
"DC1578","DC1579"
"DC1578","DC2474"
"DC1583","DC0973"
"DC1585","DC2200"
"DC1586","DC1915"
"DC1587","DC1934"
"DC1589","DC1597"
"DC1590","DC0968"
"DC1592","DC1708"
"DC1592","DC1879"
"DC1595","DC1786"
"DC1595","DC2032"
"DC1596","DC2163"
"DC1601","DC2217"
"DC1601","DC2206"
"DC1602","DC2297"
"DC1602","DC2011"
"DC1602","DC1988"
"DC1603","DC0843"
"DC1606","DC2178"
"DC1609","DC2475"
"DC1610","DC1744"
"DC1610","DC1970"
"DC1611","DC1385"
"DC1612","DC1972"
"DC1615","DC0414"
"DC1615","DC1906"
"DC1616","DC2132"
"DC1617","DC1742"
"DC1619","DC1700"
"DC1621","DC1604"
"DC1624","DC2193"
"DC1631","DC2447"
"DC1632","DC2256"
"DC1635","DC2102"
"DC1638","DC1685"
"DC1639","DC2370"
"DC1640","DC1911"
"DC1641","DC2470"
"DC1642","DC2372"
"DC1643","DC2387"
"DC1644","DC2281"
"DC1645","DC2215"
"DC1646","DC1744"
"DC1647","DC1754"
"DC1647","DC2037"
"DC1652","DC1834"
"DC1656","DC2336"
"DC1658","DC1910"
"DC1660","DC2174"
"DC1661","DC2386"
"DC1664","DC2280"
"DC1665","DC1843"
"DC1671","DC2191"
"DC1672","DC1720"
"DC1674","DC1791"
"DC1677","DC2365"
"DC1678","DC1930"
"DC1678","DC1914"
"DC1681","DC2444"
"DC1681","DC2231"
"DC1684","DC2220"
"DC1690","DC2286"
"DC1691","DC2262"
"DC1692","DC2027"
"DC1694","DC2337"
"DC1695","DC1863"
"DC1700","DC1709"
"DC1706","DC2393"
"DC1708","DC2346"
"DC1712","DC2094"
"DC1714","DC0839"
"DC1715","DC1747"
"DC1715","DC1866"
"DC1716","DC2131"
"DC1717","DC0352"
"DC1718","DC2013"
"DC1719","DC2508"
"DC1721","DC1992"
"DC1722","DC2214"
"DC1726","DC1134"
"DC1727","DC2238"
"DC1731","DC1352"
"DC1733","DC0327"
"DC1734","DC2123"
"DC1735","DC1998"
"DC1736","DC2257"
"DC1737","DC1996"
"DC1738","DC1875"
"DC1738","DC2433"
"DC1741","DC1860"
"DC1741","DC2204"
"DC1741","DC2464"
"DC1743","DC2134"
"DC1743","DC2028"
"DC1745","DC1810"
"DC1746","DC2050"
"DC1749","DC2059"
"DC1750","DC2389"
"DC1750","DC2169"
"DC1751","DC1840"
"DC1752","DC2286"
"DC1752","DC2112"
"DC1753","DC1787"
"DC1754","DC1843"
"DC1754","DC0839"
"DC1758","DC2034"
"DC1760","DC1768"
"DC1762","DC2215"
"DC1764","DC1257"
"DC1765","DC0066"
"DC1766","DC2070"
"DC1767","DC1818"
"DC1768","DC1705"
"DC1771","DC2343"
"DC1772","DC1814"
"DC1773","DC2194"
"DC1774","DC2076"
"DC1775","DC2428"
"DC1775","DC2007"
"DC1776","DC2082"
"DC1777","DC1846"
"DC1778","DC2148"
"DC1778","DC2299"
"DC1779","DC0326"
"DC1781","DC2330"
"DC1782","DC1841"
"DC1782","DC2188"
"DC1782","DC1932"
"DC1783","DC2153"
"DC1785","DC2092"
"DC1789","DC2383"
"DC1790","DC2079"
"DC1791","DC2040"
"DC1793","DC1910"
"DC1794","DC2344"
"DC1797","DC1470"
"DC1798","DC2314"
"DC1803","DC2182"
"DC1806","DC2372"
"DC1814","DC2115"
"DC1817","DC1824"
"DC1819","DC2150"
"DC1819","DC2207"
"DC1821","DC2353"
"DC1822","DC2155"
"DC1822","DC1978"
"DC1825","DC2103"
"DC1828","DC1971"
"DC1830","DC2326"
"DC1830","DC2496"
"DC1832","DC1134"
"DC1833","DC1857"
"DC1833","DC2275"
"DC1833","DC2272"
"DC1833","DC2227"
"DC1834","DC1910"
"DC1837","DC2348"
"DC1838","DC1952"
"DC1841","DC2062"
"DC1841","DC2465"
"DC1844","DC2186"
"DC1844","DC2332"
"DC1844","DC1649"
"DC1845","DC2086"
"DC1846","DC2001"
"DC1849","DC0324"
"DC1853","DC1989"
"DC1855","DC1698"
"DC1859","DC2283"
"DC1859","DC2505"
"DC1862","DC1975"
"DC1863","DC1876"
"DC1863","DC2174"
"DC1866","DC2301"
"DC1866","DC2030"
"DC1866","DC2359"
"DC1868","DC1931"
"DC1869","DC2481"
"DC1872","DC2236"
"DC1873","DC2194"
"DC1878","DC1963"
"DC1880","DC2005"
"DC2134","DC2173"
"DC2148","DC2113"
"DC2162","DC2202"
"DC2167","DC2459"
"DC2167","DC2303"
"DC2174","DC2314"
"DC2175","DC2282"
"DC2176","DC2309"
"DC2176","DC2509"
"DC2177","DC0844"
"DC2177","DC2051"
"DC2186","DC2156"
"DC2214","DC2078"
"DC2218","DC2046"
"DC2218","DC2488"
"DC2222","DC2463"
"DC2225","DC2027"
"DC2267","DC2349"
"DC2269","DC2388"
"DC2275","DC2390"
"DC2306","DC2334"
"DC2351","DC0528"
"DC2352","DC2013"
"DC2354","DC1973"
"DC2356","DC2168"
"DC0280","DC2313"
"DC2086","DC2229"
"DC2251","DC2249"
"DC2298","DC2380"
"DC2301","DC2401"
"DC2301","DC2120"
"DC2318","DC2080"
"DC2319","DC2257"
"DC2319","DC2400"
"DC2435","DC1958"
"DC2314","DC2166"
"DC2346","DC2476"
"DC2311","DC2455"
"DC2313","DC1637"
"DC2308","DC2234"
"DC2327","DC2151"
"DC0066","DC2402"
"DC2315","DC1988"
"DC2324","DC2000"
"DC2322","DC2332"
"DC2483","DC2110"
"DC2483","DC1944"
"DC2332","DC2407"
"DC2398","DC0601"
"DC2347","DC2098"
"DC2408","DC2072"
"DC2487","DC2092"
"DC2273","DC2169"
"DC2242","DC2108"
"DC1839","DC2252"
"DC2258","DC1823"
"DC2426","DC1997"
"DC2419","DC2019"
"DC0161","DC1951"
"DC2425","DC1975"
"DC2425","DC1938"
"DC2477","DC2379"
"DC2203","DC0727"
"DC2203","DC2201"
"DC2471","DC2232"
"DC2491","DC2377"
"DC2424","DC2188"
"DC2138","DC2276"
"DC0285","DC0528"
"DC0352","DC2160"
"DC2305","DC2048"
"DC2250","DC1909"
"DC1993","DC2226"
"DC2013","DC2463"
"DC0413","DC2478"
"DC0413","DC2472"
"DC0413","DC1704"
"DC2081","DC2367"
"DC2270","DC1884"
"DC0327","DC2012"
"DC0327","DC1650"
"DC2090","DC2042"
"DC2097","DC2183"
"DC1889","DC2085"
"DC2083","DC2110"
"DC2237","DC2071"
"DC2254","DC2028"
"DC2254","DC2367"
"DC2257","DC2163"
"DC2248","DC2127"
"DC0675","DC2060"
"DC2241","DC1960"
"DC2047","DC2215"
"DC1934","DC1680"
"DC2238","DC1944"
"DC2461","DC2161"
"DC2080","DC2382"
"DC1949","DC2184"
"DC1949","DC2043"
"DC0553","DC2164"
"DC2462","DC2204"
"DC0508","DC2155"
"DC0415","DC2443"
"DC0415","DC2371"
"DC2192","DC1867"
"DC1905","DC2142"
"DC1905","DC1914"
"DC2468","DC2185"
"DC0622","DC1705"
"DC2325","DC2393"
"DC0528","DC1907"
"DC2040","DC2053"
"DC2259","DC2372"
"DC2296","DC2263"
"DC2041","DC2400"
"DC2198","DC2472"
"DC2233","DC1989"
"DC2114","DC1919"
"DC2263","DC2345"
"DC2128","DC1801"
"DC2196","DC2512"
"DC2497","DC2157"
"DC1835","DC2466"
"DC2017","DC1472"
"DC2396","DC2415"
"DC1257","DC2099"
"DC1249","DC2363"
"DC2416","DC1649"
"DC2410","DC2215"
"DC2411","DC2052"
"DC2395","DC2169"
"DC2395","DC2512"
"DC2125","DC2107"
"DC0968","DC2170"
"DC0844","DC2067"
"DC0844","DC2417"
"DC2197","DC1968"
"DC1995","DC2466"
"DC1955","DC2157"
"DC2266","DC1973"
"DC2093","DC1884"
"DC2284","DC2281"
"DC2417","DC2292"
"DC2077","DC1172"
"DC2077","DC1928"
"DC2126","DC2112"
"DC2455","DC1387"
"DC2027","DC1923"
"DC2020","DC1957"
"DC2421","DC2039"
"DC2389","DC1997"
"DC2287","DC2465"
"DC2372","DC1476"
"DC2372","DC1704"
"DC2304","DC2056"
"DC2415","DC2450"
"DC2336","DC1893"
"DC1915","DC2460"
"DC2005","DC1650"
"DC2031","DC2464"
"DC2278","DC2039"
"DC2278","DC2294"
"DC1975","DC1897"
"DC2187","DC2066"
"DC1992","DC2136"
"DC2064","DC2485"
"DC1917","DC2361"
"DC2289","DC1908"
"DC2096","DC1648"
"DC2190","DC2070"
"DC2054","DC2369"
"DC1926","DC2268"
"DC1947","DC2496"
"DC1947","DC2231"
"DC2443","DC1980"
"DC1911","DC1475"
"DC2030","DC1912"
"DC2508","DC2024"
"DC1918","DC2144"
"DC1912","DC2139"
"DC2358","DC2290"
"DC1945","DC2144"
"DC2265","DC1965"
"DC2265","DC2058"
"DC2445","DC1929"
"DC2444","DC2111"
"DC2016","DC1991"
"DC1964","DC2180"
"DC2397","DC2418"
"DC1358","DC1938"
"DC1471","DC2200"
"DC1389","DC2341"
"DC2062","DC2272"
"DC2195","DC2286"
"DC2100","DC2465"
"DC2469","DC1702"
"DC2469","DC2501"
"DC2344","DC2159"
"DC2073","DC1944"
"DC1352","DC1931"
"DC1355","DC1703"
"DC2460","DC2361"
"DC2493","DC2446"
"DC1472","DC1965"
"DC2456","DC2107"
"DC2119","DC1698"
"DC2388","DC2375"
"DC2359","DC1904"
"DC2436","DC2014"
"DC2012","DC1921"
"DC2224","DC2202"
"DC2475","DC1983"
"DC1967","DC2361"
"DC2039","DC2261"
"DC1888","DC2391"
"DC1988","DC2008"
"DC2009","DC1985"
"DC1823","DC1916"
"DC2219","DC1937"
"DC1900","DC1928"
"DC2139","DC1703"
"DC2057","DC2142"
"DC1655","DC2369"
"DC2131","DC2141"
"DC1997","DC2465"
"DC2065","DC2302"
"DC2374","DC1971"
"DC2328","DC2371"
"DC1984","DC2205"
"DC2055","DC2230"
"DC2215","DC2364"
"DC2160","DC2171"
"DC1940","DC2036"
"DC1913","DC2098"
"DC1923","DC1968"
"DC1959","DC2152"
"DC2285","DC2317"
